no_mec,IDCARD_intersection,IDCARD_all,IDCARD_pct
10012448854,179,203,0.8817733990147784
10012469117,59006,92721,0.6363822650747942
10012470020,873930,2975514,0.29370723848047764
10012471228,98905,109748,0.9012009330466159
10012472954,3687,26792,0.13761570618094954
10012505448,6,8,0.75
10012520683,12,127,0.09448818897637795
10012537679,1062,2707,0.3923162172146287
10012571557,3239,4942,0.6554026709834075
10012637092,8437,56251,0.1499884446498729
10012713616,4871,5913,0.823778116015559
10012718466,408,1426,0.2861150070126227
10012996445,673943,848287,0.7944752188822887
10013199382,635,4554,0.13943785682916118
10013201786,260,1058,0.24574669187145556
10013204118,140,1165,0.12017167381974249
10013262195,6,43,0.13953488372093023
10013270932,2141,4706,0.45495112622184447
10013370452,34515,60349,0.5719233127309483
10013391219,296,2113,0.14008518693800284
10013409970,11,19,0.5789473684210527
10013439885,4220,4648,0.9079173838209983
10013441711,4086,4751,0.8600294674805304
10013441987,1,2,0.5
10013478608,14,63,0.2222222222222222
10013490635,54,799,0.06758448060075094
10013492145,26,276,0.09420289855072464
10013510174,149,403,0.369727047146402
10013510212,48943,54395,0.8997701994668628
10013513422,31367,40775,0.7692703862660945
10013526944,488,5494,0.0888241718238078
10013572454,212,1718,0.12339930151338765
10013609991,4437,33029,0.13433649217354446
10013610881,96,220,0.43636363636363634
10013631809,42822,223105,0.19193653212612896
10013642751,192189,261761,0.7342155630517915
10013687590,740720,857885,0.8634257505376595
10013707856,901,9246,0.09744754488427428
10013712386,19924,25467,0.7823457808143872
10013748443,1,8,0.125
10013779221,1052278,1513644,0.6951951713877239
10013786972,2,11,0.18181818181818182
10013798254,99052,115150,0.8601997394702562
10013799038,320,3327,0.09618274721971747
10013807318,72,81,0.8888888888888888
10013831924,6385,12724,0.5018076076705439
10013885007,98,184,0.532608695652174
10013922543,103695,109509,0.9469084732761691
10013964842,25916,56655,0.45743535433765775
10014048472,27062,201591,0.1342421040621853
10014130505,26,70,0.37142857142857144
10014136879,48202,65855,0.7319413863791664
10014144432,2242572,4095762,0.5475347444504832
10014173172,334654,536582,0.6236772757938209
10014199662,91769,121710,0.7539972064744064
10014202877,18888,21018,0.898658292891807
10014227259,108017,119537,0.9036281653379289
10014323811,354440,416636,0.8507186128899087
10014358888,312304,428151,0.7294248991594087
10014485098,1676,10229,0.16384788346856977
10014499846,137,158,0.8670886075949367
10014536627,1,1,1.0
10014616858,128221,283377,0.4524749715043917
10014620129,60543,85602,0.7072615125814817
10014655891,53991,62106,0.8693362960100474
10014693748,18757,20102,0.9330912347030146
10014700926,374200,413396,0.9051853428673717
10014725051,35835,42515,0.8428789838880395
10014732732,17547,20802,0.8435246610902798
10014745825,60517,66616,0.9084454185180737
10014758227,6011,35635,0.16868247509471027
10014758749,2044,5740,0.35609756097560974
10014758853,394574,472141,0.8357122130888865
10014787223,37,131,0.2824427480916031
10014789504,49889,54400,0.917077205882353
10014793114,155542,165558,0.9395015644064316
10014804668,616862,672813,0.9168401918512276
10014804708,587814,654129,0.8986209142233412
10014809503,6200,44252,0.1401066618457923
10014850600,277299,287871,0.9632752170242921
10014854591,70647,74319,0.9505913696362975
10014855246,116411,143599,0.8106672052033789
10014880928,10155,10963,0.9262975462920734
10014905156,277057,312414,0.8868264546403171
10014910226,1,1,1.0
10014961761,48288,55911,0.8636583141063476
10014971429,122,404,0.30198019801980197
10015002061,562,568,0.9894366197183099
10015007777,4311,15719,0.27425408741014057
10015023091,10068,10592,0.9505287009063444
10015042435,3,5,0.6
10015071983,82166,88868,0.9245847774226943
10015078231,70,284,0.24647887323943662
10015089427,28287,73198,0.38644498483565126
10015103354,38995,39877,0.9778819871103643
10015116321,6,9,0.6666666666666666
10015117411,54988,74367,0.7394139873868786
10015133531,4971,5395,0.9214087117701576
10015139460,303507,439034,0.6913063680717211
10015147303,804,2178,0.3691460055096419
10015179366,2,159,0.012578616352201259
10015185541,1,1,1.0
10015191453,10815,19561,0.5528858442819897
10015205935,20350,80579,0.25254718971444173
10015307974,109130,119683,0.9118254054460533
10015375255,3,8,0.375
10015390594,6189,6813,0.9084103918978423
10015391275,4030,8927,0.4514394533437885
10015399459,123,180,0.6833333333333333
10015404404,372,844,0.44075829383886256
10015406499,37262,41595,0.8958288255799975
10015441728,109438,121996,0.8970621987606151
10015444645,19437,23335,0.8329547889436468
10015468467,595,3493,0.17034068136272545
10015478566,207,253,0.8181818181818182
10015479596,17244,19121,0.9018356780503112
10015491859,1897,4417,0.4294770206022187
10015516402,243,821,0.29598051157125455
10015519625,1,19,0.05263157894736842
10015525578,2065,2284,0.9041155866900175
10015528022,7478,8126,0.9202559684961851
10015533876,406922,526461,0.7729385462550882
10015534988,121,1229,0.0984540276647681
10015537034,233983,274028,0.8538652984366562
10015538643,6019,6831,0.8811301419997072
10015577479,69707,72133,0.9663676819208962
10015587907,5538,5763,0.9609578344612181
10015642575,125253,225561,0.5552954633114767
10015646943,278973,430033,0.6487246327607417
10015648712,187,352,0.53125
10015649767,7,11,0.6363636363636364
10015651289,1726,11777,0.14655684809374203
10015651813,1143,1228,0.9307817589576547
10015652296,179,187,0.9572192513368984
10015652474,1,1,1.0
10015652923,16893,17809,0.9485653321354371
10015653668,1030,1091,0.9440879926672777
10015656638,88,339,0.25958702064896755
10015656761,299,349,0.8567335243553008
10015657060,2,4,0.5
10015657202,22,69,0.3188405797101449
10015657712,399,420,0.95
10015674815,654,2550,0.2564705882352941
10015676017,201,217,0.9262672811059908
10015676603,25,163,0.15337423312883436
10015676907,307,14346,0.021399693294298062
10015676913,5905,7031,0.8398520836296401
10015676983,24,224,0.10714285714285714
10015688678,145,159,0.9119496855345912
10015689254,25,54,0.46296296296296297
10015689526,93,96,0.96875
10015691233,85575,98726,0.8667929420821263
10015691603,3,261,0.011494252873563218
10015691684,2,4,0.5
10015692453,70,383,0.18276762402088773
10015692600,28367,29837,0.9507323122297818
10015693181,20918,44627,0.46872969278687787
10015693223,1329,1571,0.8459579885423297
10015694567,94,97,0.9690721649484536
10015696355,1564,2208,0.7083333333333334
10015700337,13,16,0.8125
10015703153,431,434,0.9930875576036866
10015704199,20688,23860,0.8670578373847443
10015706162,140117,162228,0.8637041694405405
10015706373,1,1,1.0
10015728701,12,19,0.631578947368421
10015763879,57007,58281,0.9781403888059573
10015764273,30,407,0.07371007371007371
10015764787,7490,12371,0.6054482256891116
10015767991,66129,69833,0.9469591740294703
10015768245,2126,3359,0.6329264662101816
10015771984,313,319,0.9811912225705329
10015772018,1271,1334,0.9527736131934033
10015790921,50104,69491,0.7210142320588278
10015791021,17812,35338,0.5040466353500481
10015791209,8502,19358,0.43919826428350034
10015810174,55014,63171,0.8708742935840813
10015812165,1683,14986,0.11230481782997465
10015815831,1,7,0.14285714285714285
10015830843,10710,11897,0.9002269479700765
10015835603,5,5,1.0
10015862359,7123,7702,0.9248247208517268
10015864341,409,445,0.9191011235955057
10015866424,905,4357,0.20771172825338535
10015869339,190,198,0.9595959595959596
10015873450,1,3,0.3333333333333333
10015874209,2,2,1.0
10015874731,14637,18917,0.773748480202992
10015875602,4715,13320,0.35397897897897895
10015877464,3596,4458,0.8066397487662629
10015878630,90531,114301,0.7920403146079212
10015879024,1,1,1.0
10015880720,621,735,0.8448979591836735
10015880840,401,410,0.9780487804878049
10015888608,56493,60897,0.927681166559929
10015911459,602,4643,0.12965754899849236
10015916166,58476,62855,0.9303317158539496
10015916365,20814,21172,0.9830908747402229
10015921623,2126,2244,0.9474153297682709
10015923677,3911,6517,0.600122755869265
10015923840,1,5,0.2
10015923927,309,310,0.9967741935483871
10015924266,59085,67442,0.8760861184425136
10015925527,83,217,0.3824884792626728
10015936693,610,636,0.9591194968553459
10015944928,194,204,0.9509803921568627
10015946267,738,2284,0.3231173380035026
10015994345,7340,7851,0.9349127499681569
10015994365,2179,2295,0.9494553376906318
10016039762,13,18,0.7222222222222222
10016041945,560,1430,0.3916083916083916
10016041954,1262,5137,0.2456686782168581
10016043198,647,1462,0.4425444596443228
10016043825,600,1189,0.5046257359125316
10016043908,277,797,0.3475533249686324
10016044002,576,2280,0.25263157894736843
10016044108,167,522,0.31992337164750956
10016044354,59,173,0.34104046242774566
10016056767,5901,6399,0.9221753398968588
10016059418,61,289,0.21107266435986158
10016059998,49,124,0.3951612903225806
10016100873,2137,3356,0.6367699642431466
10016109994,1,1,1.0
10016129649,81,649,0.12480739599383667
10016133797,2,4,0.5
10016140449,13,177,0.07344632768361582
10016189109,1272,1327,0.9585531273549359
10016203267,113499,121406,0.9348714231586577
10016246234,71,412,0.17233009708737865
10016247026,8895,15586,0.5707044783780316
10016247299,16112,16509,0.9759525107517112
10016247639,202106,225000,0.8982488888888889
10016254945,228771,268066,0.8534129654637291
10016290003,7,26,0.2692307692307692
10016293443,290888,364339,0.7983992929661661
10016293988,1,1,1.0
10016294780,123,135,0.9111111111111111
10016310504,10,25,0.4
10016321570,750521,886475,0.8466352689021123
10016356317,5,91,0.054945054945054944
10016363541,4664,25665,0.18172608610948762
10016363870,1,1,1.0
10016368473,8,363,0.02203856749311295
10016368761,22428,23643,0.9486105824133994
10016371156,1,2,0.5
10016377761,5321,7209,0.7381051463448467
10016387225,4,4,1.0
10016417748,944,993,0.9506545820745217
10016731578,23,167,0.1377245508982036
10016738204,1827,6141,0.2975085490962384
10017051785,4053,4190,0.9673031026252983
10017070168,776,852,0.9107981220657277
10017071221,7141,8341,0.856132358230428
10017074860,1707,1979,0.8625568468923699
10017103555,5,54,0.09259259259259259
10017123829,8,63,0.12698412698412698
10017137744,185,193,0.9585492227979274
10017139343,144,145,0.993103448275862
10017146291,3261,4079,0.7994606521206178
10017148640,1782,1816,0.9812775330396476
10017179136,1,1,1.0
10017179421,307662,1134891,0.2710938759757545
10017268303,69,223,0.3094170403587444
10017279592,489,542,0.9022140221402214
10017282813,5,43,0.11627906976744186
10017304381,29,46,0.6304347826086957
10017309950,32781,36521,0.89759316557597
10017327990,20,204,0.09803921568627451
10017328780,53,466,0.11373390557939914
10017331956,3298,7706,0.4279781988061251
10017337672,50,54,0.9259259259259259
10017357815,57,134,0.4253731343283582
10017392096,6,83,0.07228915662650602
10017437294,158,772,0.20466321243523317
10017439019,10676,11517,0.9269775115047322
10017441468,8019,9146,0.8767767329980319
10017482556,4,17,0.23529411764705882
10017487502,1667,2417,0.6896979726934216
10017565576,4,7,0.5714285714285714
10017626750,27186,28138,0.9661667495913
10017667433,1,1,1.0
10017717161,3,3,1.0
10017737464,5514,5780,0.9539792387543252
10017740966,20000,24542,0.8149295085975063
10017865891,2,3,0.6666666666666666
10017888841,1,14,0.07142857142857142
10017908304,21132,21861,0.9666529435981885
10017914139,22447,31050,0.7229307568438004
10017945618,85,867,0.09803921568627451
10018148316,25788,27647,0.9327594314030455
10018174644,11,32,0.34375
10018202806,412644,498072,0.8284826290174915
10018258481,198,209,0.9473684210526315
10018270597,28623,32588,0.8783294464219958
10018306279,3,104,0.028846153846153848
10018312019,4347,4475,0.9713966480446927
10018314871,103306,140493,0.7353106560469205
10018340553,5853,5944,0.9846904441453567
10018343182,20100,22193,0.9056909836434912
10018357798,198,964,0.2053941908713693
10018404513,77,559,0.13774597495527727
10018412874,22,112,0.19642857142857142
10018415763,3,27,0.1111111111111111
10018464037,108,776,0.13917525773195877
10018464062,914,1880,0.48617021276595745
10018513970,10,28,0.35714285714285715
10018526333,8,26,0.3076923076923077
10018528808,4,5,0.8
10018550500,1,7,0.14285714285714285
10018597707,8546,10049,0.8504328788934222
10018598897,8477,9921,0.8544501562342506
10018704804,98828,127975,0.7722445790193397
10018710089,2,8,0.25
10018794254,86,103,0.8349514563106796
10018835641,17,20,0.85
10018841931,37,63,0.5873015873015873
10018867211,15462,15747,0.9819013145361021
10018896587,1,1,1.0
10018902456,5,8,0.625
10019050119,16,765,0.02091503267973856
10019331834,119715,123792,0.9670657231485071
10019342351,30407,31652,0.9606659926702894
10019416657,74049,85454,0.8665363821471201
10019449296,42875,44972,0.9533709863915325
10019456332,162,167,0.9700598802395209
10019492718,22808,22810,0.999912319158264
10019492859,24397,24406,0.9996312382201098
10019495678,1,1,1.0
10019509395,6,8,0.75
10019510547,1778,1795,0.9905292479108635
10019517000,52556,62132,0.8458765209553853
10019519089,16,80,0.2
10019594916,3,4,0.75
10019607741,120,443,0.2708803611738149
10019608100,1,124,0.008064516129032258
10019876419,22,36,0.6111111111111112
10019924787,641,683,0.9385065885797951
10020146566,2,2,1.0
10020249958,848,1229,0.6899918633034988
10020268255,3,4,0.75
10020310661,10463,10880,0.9616727941176471
10020666329,51906,57033,0.9101046762400715
10020682231,3,12,0.25
10020682522,30061,40899,0.735005745861757
10020706455,1,2,0.5
10020736591,106485,113047,0.9419533468380408
10020814489,2,11,0.18181818181818182
10020829549,86618,95439,0.90757447165205
10020834063,7955,10124,0.7857566179375741
10020834349,80786,92165,0.8765366462323008
10020834535,816,1860,0.43870967741935485
10020895585,651,1155,0.5636363636363636
10020909698,10497,11161,0.9405071230176507
10020911805,16934,17104,0.9900608044901777
10020926526,2975,3107,0.9575152880592211
10020962372,2605,3368,0.7734560570071259
10020981510,48806,56837,0.8587011981631684
10021019596,11390,11957,0.9525800786150372
10021040829,1,1,1.0
10021041115,2654,2680,0.9902985074626866
10021193034,3,26,0.11538461538461539
10021195543,3385,3767,0.8985930448632864
10021257746,65,389,0.16709511568123395
10021266842,5,19,0.2631578947368421
10021297721,639,648,0.9861111111111112
10021309885,618,623,0.9919743178170144
10021312187,77883,80479,0.9677431379614558
10021334284,10,35,0.2857142857142857
10021340126,28377,28836,0.9840823970037453
10021342520,40246,41988,0.9585119557968943
10021343125,927,1352,0.6856508875739645
10021409544,4,7,0.5714285714285714
10021428852,3,6,0.5
10021437873,2103,2437,0.8629462453836685
10021466655,12196,12233,0.9969753944249162
10021601385,5,81,0.06172839506172839
10021603759,1635,1726,0.9472769409038239
10021604488,16103,17134,0.939827244076106
10021639364,30222,42057,0.7185961908838006
10021644500,5783,6436,0.8985394655065257
10021646243,216,217,0.9953917050691244
10021650463,8385,8477,0.9891471039282765
10021673823,42162,45840,0.9197643979057591
10021675048,2080,2125,0.9788235294117648
10021685844,2,4,0.5
10021686969,25785,42733,0.6033978424168676
10021705991,1,1,1.0
10021749501,6356,6525,0.9740996168582375
10021751641,206,230,0.8956521739130435
10021868071,27964,28878,0.9683496086986634
10021887742,21,1679,0.012507444907683145
10021902553,174658,189070,0.9237742635002909
10021981163,1205,1296,0.9297839506172839
10022009428,170263,177812,0.9575450475783411
10022031282,28273,30303,0.933009933009933
10022031556,11185,12105,0.9239983477901693
10022075025,16853,18795,0.8966746475126364
10022084157,46,48,0.9583333333333334
10022099694,192,204,0.9411764705882353
10022103258,19149,19890,0.9627450980392157
10022144438,291,295,0.9864406779661017
10022162198,3859,3911,0.9867041677320378
10022164301,1,1,1.0
10022166401,27,36,0.75
10022168653,1404,1420,0.9887323943661972
10022183090,1269,1462,0.8679890560875513
10022190876,1794,2039,0.8798430603236881
10022203189,1128,1148,0.9825783972125436
10022206073,3568,3910,0.9125319693094629
10022219352,139,142,0.9788732394366197
10022283071,717,731,0.9808481532147743
10022294297,1034,1141,0.9062226117440841
10022296857,409,414,0.9879227053140096
10022318976,307,308,0.9967532467532467
10022339124,2452,2684,0.9135618479880775
10022366826,40,43,0.9302325581395349
10022368048,3702,3720,0.9951612903225806
10022371026,257,260,0.9884615384615385
10022381049,2971,3062,0.9702808621815807
10022383543,25,34,0.7352941176470589
10022383972,1732,1831,0.9459311851447296
10022385358,3,5,0.6
10022387537,1,1,1.0
10022387580,457470,528225,0.8660513985517535
10022387696,983,1663,0.5911004209260373
10022387789,2650,3713,0.7137085914354969
10022395363,2144,2220,0.9657657657657658
10022401667,104,110,0.9454545454545454
10022444505,5207,5620,0.9265124555160142
10022445464,1673,1676,0.9982100238663485
10022451722,66446,68197,0.9743243837705471
10022459736,14259,14783,0.964553879456132
10022463864,425,441,0.963718820861678
10022464695,4954,5146,0.9626894675476098
10022467945,167,169,0.9881656804733728
10022468250,990,1232,0.8035714285714286
10022468641,69715,78010,0.8936674785283938
10022473277,3498,3634,0.9625756741882223
10022473621,263,268,0.9813432835820896
10022476574,2062,2171,0.9497927222478121
10022480263,4701,4736,0.9926097972972973
10022486663,1183,1203,0.9833748960931006
10022493649,350,388,0.9020618556701031
10022500212,36621,36984,0.9901849448410124
10022501135,54078,54421,0.9936972859741644
10022502308,7019,7381,0.9509551551280314
10022502363,4731,4779,0.9899560577526679
10022502408,1,1,1.0
10022502441,27020,27321,0.988982833717653
10022502504,116072,117543,0.9874854308635989
10022502534,16983,17231,0.9856073356160409
10022502567,10777,10870,0.991444342226311
10022502617,11257,11368,0.9902357494722027
10022502665,5403,5454,0.9906490649064906
10022502710,2,2,1.0
10022503989,53022,53582,0.9895487290508006
10022504516,645,658,0.9802431610942249
10022540442,2,4,0.5
10022542537,2524,2577,0.9794334497477687
10022548147,6,35,0.17142857142857143
10022557260,2164,2211,0.9787426503844414
10022564340,2332,2344,0.9948805460750854
10022575636,3283,3355,0.9785394932935917
10022578901,3396,3499,0.9705630180051443
10022581092,598,1303,0.4589409056024559
10022581269,5241,5810,0.902065404475043
10022581883,221,233,0.9484978540772532
10022590579,1136,1155,0.9835497835497835
10022593987,670,689,0.9724238026124818
10022594274,1,1,1.0
10022594529,53,73,0.726027397260274
10022595312,37,39,0.9487179487179487
10022621762,46,48,0.9583333333333334
10022646308,2369,2393,0.9899707480150439
10022682413,83,88,0.9431818181818182
10022717572,222,224,0.9910714285714286
10022837389,10738,10876,0.9873115115851416
10022837447,4,8,0.5
10022840301,2,2,1.0
10022847298,238,254,0.937007874015748
10022849218,129,141,0.9148936170212766
10022849248,3175,3243,0.979031760715387
10022869008,6,9,0.6666666666666666
10022869094,45938,48118,0.9546947088407665
10022869339,3941,4020,0.9803482587064677
10022869645,162,172,0.9418604651162791
10022873761,1,5,0.2
10022875564,113,127,0.889763779527559
10022876477,8879,9153,0.970064459739976
10022877780,65174,65582,0.9937787807630143
10022885424,9367,9574,0.9783789429705452
10022885866,13694,14190,0.9650458069062721
10022888042,170,195,0.8717948717948718
10022888571,39,52,0.75
10022894703,112,138,0.8115942028985508
10022907653,5313,5426,0.9791743457427202
10022934754,3747,3828,0.9788401253918495
10022935369,205,215,0.9534883720930233
10022937074,28,36,0.7777777777777778
10022941802,2990,3139,0.9525326537113731
10022942574,1578,1604,0.983790523690773
10022946518,1770,2441,0.7251126587464154
10022962401,627,645,0.9720930232558139
10022962812,680,693,0.9812409812409812
10022962907,1,2,0.5
10022990154,188,199,0.9447236180904522
10022992771,2667,2807,0.9501246882793017
10022993421,151,155,0.9741935483870968
10022995273,86,91,0.945054945054945
10023025569,2498,2527,0.9885239414325286
10023025608,219,224,0.9776785714285714
10023025664,29247,30085,0.9721455875020775
10023046296,54972,59285,0.9272497259003121
10023046767,3323,3347,0.9928293994622049
10023047376,37,39,0.9487179487179487
10023047437,613,667,0.9190404797601199
10023048287,166,166,1.0
10023049365,7686,8144,0.943762278978389
10023050218,2568,2825,0.9090265486725664
10023052150,11558,11808,0.9788279132791328
10023056402,196283,216271,0.9075789171918565
10023057184,384,393,0.9770992366412213
10023057239,194,214,0.9065420560747663
10023059012,7407,7562,0.9795027770431103
10023061119,2932,2936,0.9986376021798365
10023062093,49677,49963,0.9942757640654084
10023062296,38413,38885,0.9878616433071878
10023064460,39638,42239,0.9384218376382016
10023066912,2962,16394,0.18067585702086128
10023067765,11,89,0.12359550561797752
10023068417,3718,3728,0.9973175965665236
10023072942,1495,1547,0.9663865546218487
10023076332,416,419,0.9928400954653938
10023080132,1,11,0.09090909090909091
10023080278,376,382,0.9842931937172775
10023081314,4,4,1.0
10023081684,132,135,0.9777777777777777
10023083078,87,100,0.87
10023098243,1,2,0.5
10023098636,206,211,0.976303317535545
10023115681,3005,3026,0.9930601454064772
10023124606,245,268,0.914179104477612
10023126434,1078,1123,0.9599287622439893
10023127355,110,113,0.9734513274336283
10023127855,1,1,1.0
10023130532,2,2,1.0
10023139424,4,8,0.5
10023157036,3,3,1.0
10023161904,53,57,0.9298245614035088
10023162577,60,62,0.967741935483871
10023162693,78,80,0.975
10023162749,79,82,0.9634146341463414
10023162914,14,14,1.0
10023163899,56,56,1.0
10023198299,280,280,1.0
10023199687,1,6,0.16666666666666666
10023221434,2,4,0.5
10023226866,4249,4498,0.944642063139173
10023234883,53,81,0.654320987654321
10023235693,24191,24247,0.9976904359302182
10023236217,270,275,0.9818181818181818
10023237184,6,51,0.11764705882352941
10023247026,12763,14094,0.9055626507733787
10023249503,1467,1497,0.9799599198396793
10023253123,309,326,0.9478527607361963
10023257120,26,28,0.9285714285714286
10023261892,1,1,1.0
10023263926,691,698,0.9899713467048711
10023264946,1,1,1.0
10023267190,30893,31389,0.9841982860237662
10023267469,18918,18969,0.9973114028151194
10023268111,10644,10684,0.9962560838637214
10023287016,17,18,0.9444444444444444
10023296806,5009,5510,0.9090744101633393
10023297408,43843,48917,0.8962732792280802
10023297718,5077,5272,0.9630121396054628
10023298699,6734,7001,0.9618625910584202
10023299914,1,1,1.0
10023300185,5998,6297,0.952517071621407
10023301299,5135,5397,0.9514545117657958
10023301754,522,527,0.9905123339658444
10023305165,2,2,1.0
10023319893,27,224,0.12053571428571429
10023321627,556,6120,0.09084967320261438
10023333070,4819,5943,0.8108699310112738
10023333230,18067,18197,0.9928559652690004
10023334265,2,2,1.0
10023335664,1,1,1.0
10023336661,59,62,0.9516129032258065
10023337565,3,5,0.6
10023338543,13333,14097,0.9458040717883237
10023351414,16052,16307,0.9843625436928927
10023353385,3398,3436,0.9889406286379511
10023355167,1,1,1.0
10023355295,1,3,0.3333333333333333
10023357233,2715,2763,0.9826275787187839
10023360784,3148,3222,0.9770328988206083
10023361546,2,2,1.0
10023362565,1,6,0.16666666666666666
10023362981,2258,2363,0.9555649597968684
10023379923,2,39,0.05128205128205128
10023426238,8,33,0.24242424242424243
10023427729,5307,5533,0.9591541659136092
10023430699,15,45,0.3333333333333333
10023430903,1,1,1.0
10023431013,1,1,1.0
10023433490,72,74,0.972972972972973
10023460772,94,104,0.9038461538461539
10023469651,9474,10110,0.9370919881305638
10023469980,7209,7576,0.9515575501583949
10023471229,7228,7567,0.9552002114444298
10023471494,34745,39795,0.8730996356326172
10023472465,82,90,0.9111111111111111
10023474249,1,1,1.0
10023478516,187,201,0.9303482587064676
10023480192,252,256,0.984375
10023486050,3804,4019,0.9465041054988803
10023488306,70,72,0.9722222222222222
10023490551,146388,159735,0.9164428584843647
10023504985,1,1,1.0
10023506111,7,26,0.2692307692307692
10023506843,139,144,0.9652777777777778
10023506986,30,38,0.7894736842105263
10023535146,101,102,0.9901960784313726
10023536617,3786,3841,0.9856808122884665
10023537376,13979,14000,0.9985
10023543766,50,337,0.14836795252225518
10023576041,665,685,0.9708029197080292
10023582987,430,441,0.9750566893424036
10023585820,583,604,0.9652317880794702
10023588060,1734,1789,0.9692565679150363
10023588574,2,2,1.0
10023589281,9884,9948,0.9935665460394049
10023591022,3231,3281,0.9847607436757086
10023602857,6638,6658,0.9969960949234005
10023629328,3005,3195,0.9405320813771518
10023632561,107,191,0.5602094240837696
10023634460,22905,25811,0.887412343574445
10023634999,7591,8025,0.9459190031152648
10023636482,2,2,1.0
10023644829,3,6,0.5
10023653611,114,118,0.9661016949152542
10023662983,2385,2426,0.9830997526793075
10023663491,5543,5884,0.9420462270564242
10023665891,17540,17602,0.9964776729917055
10023671313,39484,39564,0.9979779597613992
10023674406,4,4,1.0
10023687008,121,123,0.983739837398374
10023711711,43154,43361,0.9952261248587441
10023713168,2,2,1.0
10023714202,93477,99906,0.9356495105399075
10023714984,1084,1120,0.9678571428571429
10023716948,999,1177,0.848768054375531
10023724002,16077,19118,0.8409352442724134
10023727659,251,262,0.9580152671755725
10023728873,1149,1159,0.99137187230371
10023736809,12,15,0.8
10023754525,4052,4405,0.9198637911464245
10023754922,3842,5904,0.6507452574525745
10023758798,393,433,0.9076212471131639
10023766842,237,524,0.45229007633587787
10023776742,3,3,1.0
10023777006,6107,6784,0.9002063679245284
10023783600,123,129,0.9534883720930233
10023784631,90,94,0.9574468085106383
10023791431,982,995,0.9869346733668342
10023794822,5398,5850,0.9227350427350427
10023797211,871,876,0.9942922374429224
10023837326,68,71,0.9577464788732394
10023838923,14092,14231,0.9902325908228515
10023840831,344,352,0.9772727272727273
10023841942,68,96,0.7083333333333334
10023843102,2925,2944,0.993546195652174
10023848428,359,367,0.9782016348773842
10023850333,1506,1510,0.9973509933774835
10023850661,3796,4121,0.9211356466876972
10023866673,5640,5768,0.9778085991678225
10023868675,1,2,0.5
10023869954,58,70,0.8285714285714286
10023870299,6432,7114,0.9041326960922126
10023874996,21,23,0.9130434782608695
10023878071,9686,9732,0.9952733251130291
10023881264,2416,2608,0.9263803680981595
10023885904,548,549,0.9981785063752276
10023890820,845,852,0.9917840375586855
10023923135,2625,2818,0.9315117104329311
10023933195,280,299,0.9364548494983278
10023938668,145,159,0.9119496855345912
10023940273,62,67,0.9253731343283582
10023941053,4,4,1.0
10023941538,578,585,0.9880341880341881
10023942605,10525,10623,0.9907747340675892
10023946406,1,1,1.0
10023946510,630,640,0.984375
10023955579,2609,2849,0.9157599157599158
10023960175,25099,28184,0.8905407323304002
10023960224,130,133,0.9774436090225563
10023960334,40,46,0.8695652173913043
10023995077,187,191,0.9790575916230366
10024002071,29735,29831,0.9967818712078039
10024024354,10131,10174,0.9957735403970907
10024025739,1,1,1.0
10024029703,87,91,0.9560439560439561
10024030489,857,868,0.9873271889400922
10024030503,55512,58177,0.954191518985166
10024035908,23364,23488,0.9947207084468664
10024038940,79,87,0.9080459770114943
10024040203,152,159,0.9559748427672956
10024040724,16,21,0.7619047619047619
10024041026,1,1,1.0
10024041514,10806,13650,0.7916483516483517
10024041518,20,127,0.15748031496062992
10024043198,339479,356525,0.95218848608092
10024045124,536,591,0.9069373942470389
10024070832,1073,1095,0.9799086757990868
10024075596,1228,1228,1.0
10024077313,567,580,0.9775862068965517
10024099102,1,1,1.0
10024104055,9,9,1.0
10024115796,1,1,1.0
10024154894,248,252,0.9841269841269841
10024156227,1875,1941,0.9659969088098919
10024156540,1,1,1.0
10024157765,363,368,0.9864130434782609
10024159694,189,191,0.9895287958115183
10024163903,5058,5081,0.9954733320212557
10024164555,206,275,0.7490909090909091
10024164958,6,6,1.0
10024176588,2,2,1.0
10024185814,1,12,0.08333333333333333
10024186679,1132,1283,0.882307092751364
10024189574,111,116,0.9568965517241379
10024192836,24789,24799,0.9995967579337877
10024194318,23621,23642,0.9991117502749345
10024241530,671,696,0.9640804597701149
10024243437,117,119,0.9831932773109243
10024245818,5,35,0.14285714285714285
10024248486,3,3,1.0
10024266230,305,334,0.9131736526946108
10024274465,1,2,0.5
10024277512,36,42,0.8571428571428571
10024294826,1,1,1.0
10024295615,42,178,0.23595505617977527
10024295979,4684,4787,0.9784833925214121
10024301548,37,38,0.9736842105263158
10024303761,1678,1726,0.9721900347624566
10024308362,17,17,1.0
10024318429,1822,1878,0.9701810436634718
10024319053,4,5,0.8
10024319845,11587,12124,0.9557076872319367
10024323741,448,488,0.9180327868852459
10024331130,495,503,0.9840954274353877
10024369384,6354,6818,0.9319448518627164
10024369482,923,1181,0.781541066892464
10024369974,11,11,1.0
10024371354,1,5,0.2
10024373333,45834,46082,0.9946182891367562
10024373382,142,148,0.9594594594594594
10024378857,9557,10772,0.8872075751949499
10024379673,18179,18190,0.9993952721275426
10024380046,1,2,0.5
10024380125,1171,1225,0.9559183673469388
10024384649,2,2,1.0
10024388907,228,239,0.9539748953974896
10024390012,1,10,0.1
10024394601,24376,28140,0.8662402274342573
10024394724,702,729,0.9629629629629629
10024396095,707,709,0.997179125528914
10024396132,332,375,0.8853333333333333
10024402222,1,7,0.14285714285714285
10024403042,933,958,0.9739039665970772
10024404246,940,1260,0.746031746031746
10024410181,94,96,0.9791666666666666
10024410602,40,44,0.9090909090909091
10024410984,324,326,0.9938650306748467
10024411709,9,9,1.0
10024412372,29176,29738,0.9811016208218442
10024412536,716,729,0.9821673525377229
10024412859,2260,2422,0.9331131296449215
10024419511,11661,11670,0.9992287917737789
10024422108,12624,12626,0.9998415967052114
10024424716,1743,1762,0.9892167990919409
10024425210,11913,12032,0.9901097074468085
10024425252,11027,11356,0.9710285311729482
10024427819,535,601,0.8901830282861897
10024427843,2248,2345,0.95863539445629
10024436844,1,1,1.0
10024438600,581,588,0.9880952380952381
10024440518,54,61,0.8852459016393442
10024441559,3406,3458,0.9849624060150376
10024442411,1722,1754,0.9817559863169898
10024442549,3,9,0.3333333333333333
10024443050,31,51,0.6078431372549019
10024444634,1,1,1.0
10024455718,1,1,1.0
10024475689,261,264,0.9886363636363636
10024485532,702,723,0.970954356846473
10024486217,27143,30196,0.8988938932308915
10024486700,8,11,0.7272727272727273
10024490521,555,584,0.9503424657534246
10024493071,2,2,1.0
10024495321,14456,15281,0.9460113866893528
10024495951,394,404,0.9752475247524752
10024498081,2,5,0.4
10024498098,7157,9137,0.7832986757141294
10024499021,710,717,0.9902370990237099
10024500280,988,1019,0.9695780176643768
10024500660,9797,9803,0.9993879424665919
10024510475,360,366,0.9836065573770492
10024511824,8070,8071,0.9998760996159088
10024513061,1,2,0.5
10024514323,1044,1120,0.9321428571428572
10024516029,85,90,0.9444444444444444
10024516138,915,991,0.9233097880928355
10024516173,638,668,0.9550898203592815
10024519444,1521,1535,0.9908794788273616
10024521221,4,9,0.4444444444444444
10024521731,2,2,1.0
10024521878,231,235,0.9829787234042553
10024531620,1,4,0.25
10024534367,1838,1864,0.9860515021459227
10024535071,1,2,0.5
10024545905,55,69,0.7971014492753623
10024547357,5,8,0.625
10024547380,1,3,0.3333333333333333
10024547924,70,76,0.9210526315789473
10024548814,8082,8450,0.9564497041420118
10024550082,54342,54641,0.9945279185959262
10024551420,2630,2678,0.9820761762509336
10024552093,534,540,0.9888888888888889
10024560457,59,94,0.6276595744680851
10024563164,2572,2629,0.9783187523773298
10024571886,56,58,0.9655172413793104
10024581998,371,387,0.958656330749354
10024584298,863,872,0.9896788990825688
10024585019,1,1,1.0
10024586488,1,1,1.0
10024586833,26,29,0.896551724137931
10024590948,4254,4357,0.9763598806518247
10024596483,98,106,0.9245283018867925
10024597140,1832,1969,0.9304215337734891
10024597657,316,321,0.9844236760124611
10024602164,428,471,0.9087048832271762
10024603110,3,13,0.23076923076923078
10024604173,61,67,0.9104477611940298
10024604361,1,2,0.5
10024605227,682,733,0.9304229195088677
10024616033,33427,33483,0.9983275094824239
10024616123,22163,22213,0.9977490658623329
10024616628,23,33,0.696969696969697
10024616734,476,481,0.9896049896049897
10024616838,1,2,0.5
10024617203,4,6,0.6666666666666666
10024619078,1,1,1.0
10024619635,51,53,0.9622641509433962
10024620557,1,1,1.0
10024623326,1,1,1.0
10024625195,7,7,1.0
10024629438,478,480,0.9958333333333333
10024631728,1,1,1.0
10024638055,3,4,0.75
10024641718,37450,37608,0.9957987662199532
10024643460,1,1,1.0
10024644501,3,6,0.5
10024645055,8166,8178,0.9985326485693323
10024649352,5438,5928,0.9173414304993253
10024650494,6811,7164,0.9507258514796203
10024651809,1005,1037,0.9691417550626809
10024654779,3,4,0.75
10024656677,252,262,0.9618320610687023
10024667413,47,52,0.9038461538461539
10024670668,2,4,0.5
10024671413,210,218,0.963302752293578
10024671761,4876,4912,0.992671009771987
10024672022,3,3,1.0
10024672341,1,1,1.0
10024676812,1,2,0.5
10024678248,1,2,0.5
10024678563,1,1,1.0
10024679882,47,50,0.94
10024688073,679,701,0.9686162624821684
10024689124,277,278,0.9964028776978417
10024690201,2525,2625,0.9619047619047619
10024691222,120,122,0.9836065573770492
10024691603,102,105,0.9714285714285714
10024692312,69,70,0.9857142857142858
10024695511,8,11,0.7272727272727273
10024699062,558,558,1.0
10024699848,95,109,0.8715596330275229
10024738373,30,38,0.7894736842105263
10024741247,1400,1702,0.8225616921269095
10024745124,555,570,0.9736842105263158
10024746853,274,278,0.9856115107913669
10024748465,2,2,1.0
10024750548,1,1,1.0
10024750862,2,3,0.6666666666666666
10024761235,2,2,1.0
10024764675,1,1,1.0
10024767710,319,333,0.9579579579579579
10024770859,1,1,1.0
10024788622,39,39,1.0
10024789268,1,2,0.5
10024818646,255,381,0.6692913385826772
10024822050,4,6,0.6666666666666666
10024823720,2,2,1.0
10024854264,7,8,0.875
10024994522,336,339,0.9911504424778761
10024999140,1,1,1.0
10025002553,1,1,1.0
10025004983,10005,10095,0.9910846953937593
10025004998,1156,1220,0.9475409836065574
10025005641,3034,3050,0.9947540983606558
10025008882,323,378,0.8544973544973545
10025058916,354,354,1.0
10025065974,13,15,0.8666666666666667
10025073228,910,944,0.9639830508474576
10025086964,24,28,0.8571428571428571
10025087396,1,4,0.25
10025090109,1,1,1.0
10025091609,1,1,1.0
10025092211,6273,6480,0.9680555555555556
10025093867,1,2,0.5
10025095505,4,7,0.5714285714285714
10025097411,3,3,1.0
10025097532,3016,3035,0.9937397034596376
10025097874,2846,2900,0.9813793103448276
10025100796,1,1,1.0
10025101114,4,5,0.8
10025101201,2,2,1.0
10025101910,1,18,0.05555555555555555
10025104166,10509,10709,0.9813241198991502
10025104425,111,111,1.0
10025105474,5,10,0.5
10025113993,254,254,1.0
10025116412,4,5,0.8
10025117118,588,598,0.9832775919732442
10025118132,3,5,0.6
10025118168,2,3,0.6666666666666666
10025118185,1,3,0.3333333333333333
10025119437,938,994,0.9436619718309859
10025122226,3,4,0.75
10025134731,11277,12176,0.9261662286465178
10025138888,8,40,0.2
10025142862,83,87,0.9540229885057471
10025143049,4,4,1.0
10025146139,3,3,1.0
10025149556,9,14,0.6428571428571429
10025155141,5,5,1.0
10025155819,1,1,1.0
10025181554,2,5,0.4
10025188717,4089,4180,0.9782296650717703
10025191500,71,78,0.9102564102564102
10025214996,1,1,1.0
10025224652,4,4,1.0
10025230593,1,1,1.0
10025245925,245,260,0.9423076923076923
10025256175,2,2,1.0
10025256316,2,2,1.0
10025256460,2,2,1.0
10025263458,1,1,1.0
10025284328,1,1,1.0
10025317999,15,19,0.7894736842105263
